user_query,output,timestamp
"hai
","Generated answer based on the input: hai

This is the first document about AI.
This document discusses machine learning and its applications.",2024-10-18 10:04:36.332617
"what is generative AI api
","Generated answer based on the input: what is generative AI api

This is the first document about AI.
This document discusses machine learning and its applications.",2024-10-18 10:05:46.479060
"what is generative AI api
","Generated answer based on the input: what is generative AI api

This is the first document about AI.
This document discusses machine learning and its applications.",2024-10-18 10:05:55.884249
